url,type
virtualtourist.com/travel/North_America/Canada/Province_of_Quebec/Quebec-905108/Restaurants-Quebec-Restaurant_LAstral-BR-1.html,benign
anime247.net/anime-clothing/,benign
http://skyrock.com/videos/eDJwc2lndzoxMw==-Planete-Rap-special-Sneazzy-SUPER.html?top=3&period=recent,benign
facebook.com/pages/Mikes-Restaurant/139000259469369,benign
www.vipslimo.com/fleet/scap/,benign
matsonperformancegroup.com/MILLENNIUM_2200.htm,benign
en.wikipedia.org/wiki/List_of_Playboy_Playmates_of_1971,benign
myspace.com/ernestozavalamusic,benign
turquoisedirect.com/Artists/Harry-H-Begay/,benign
haagendazs.com/company/faq/shops.aspx,benign
brooklynvegan.com/archives/2009/08/revival_tour_20.html,benign
mylife.com/c-353768830,benign
sourceforge.net/projects/makedep,phishing
infinitypage.com/pv-arashi-September-14-2010.html,benign
https://tinyurl.com/sd9t35n/?cliente=multiconexoes@terra.com.br/JHYYW8HLAC3S5AO9R7MR22FE/imprimir.cgi,phishing
ehow.com/how_4693722_execute-buzz-turns-tap-dancing.html,benign
fold3.com/spotlight/9069/jack_johnson_defeats_james_j_jeffries/,benign
nytimes.com/1987/07/04/obituaries/king-donovan-is-dead-at-69-theater-film-and-tv-actor.html,benign
zwiie.com/,benign
leoawards.com/nominees_2009.html,benign
en.wikipedia.org/wiki/USS_Natchez,benign
www.exportbureau.com/dictionary.html,phishing
http://mylust.com/videos/236028/extremely-hot-webcam-model-in-fishnet-stockings-loves-masturbating/,benign
'punto.gt/Aol/login.php?sitedomain=startpage.aol.com&amp;siteState=OrigUrl=http\%3A\%2F\%2Faol.com\%2F&amp;authLev=0&amp;lang=en&amp;locale=us',benign
menuism.com/restaurants/griffintown-cafe-dining-montreal-574247,benign
lyricstime.com/arashi-lyrics.html,benign
paypal.co.uk-uk.cgi-bin-webscr-cmd.login-submit-dispatch.5.5885d80a13c0db1f8e263663d3faee8d.13c0db1f8e263663d3faee8d422be6d275c375a45775a45.outmp.542456.celticwildhunt.blaineyoung.co.uk/,benign
residencepiacenza.com/english/,benign
pastehtml.com/view/bfn5sjmqn.html,benign
facebook.com/ShakerHeights,benign
portal.acm.org/browse_dl.cfm?linked=1&amp;part=series&amp;idx=SERIES521&amp;coll=portal&amp;dl=ACM,phishing
freepages.genealogy.rootsweb.ancestry.com/~dphaner/HTML/people/p000009r.htm,benign
turkeyfryer.net/,benign
croonet.com/start/G_MTYwNzIwMQ%3D%3D/,benign
https://aprendiendotodos.com/secure/help/b1482/,phishing
indevsoftware.com/products/palm/readers/,phishing
youtube.com/watch?v=sPnnacRzI8s,benign
ehow.com/list_6122271_seafood-monmouth-county_-new-jersey.html,benign
proz.com/kudoz/romanian_to_english/certificates_diplomas_licenses_cvs/2650736-denumirea_domeniului_de_formare_profesionala_la_ciclul_i.html,benign
https://lootluck.tk/,phishing
quebec.duproprio.com/duplex-for-sale-mercier-hochelaga-maisonneuve-quebec-en-243032,benign
tools.ietf.org/html/rfc266,phishing
dramafans.org/drama/hyunhaetan_marriage_war,benign
saveursdugourmet.cd/answer/webscr.htm,benign
kkbyrd.000webhostapp.com,phishing
danielandiontafalla.es/media/system/www.mybsn.com.my/login.php,benign
americanmusicchannel.com/artists/frank-sinatra,benign
facebook.com/pages/Tom-Pernice-Jr/132361366801808,benign
maumauspielen.review,phishing
http://www.trezzle.com/wp-includes/js/tinymce/themes/advanced/css/signingin.php?screenid=signon&amp;;,phishing
sfhsnet.org/top/press/press0607.htm,benign
http://distractify.com/post/related/id/5492fe334a0c4b9f1e9cc4d4/skip/10/limit/10/back/0,benign
fanbase.com/Kansas-City-Athletics-1957,benign
mylife.com/high-schools/mo/kansas-city/archbishop-o%27hara-high-school/,benign
http://torcache.net/torrent/5B97D684AD43077D4CAE3BC7F6D82E8857C74BF4.torrent?title=[kickass.to]avg.internet.security.2015.15.0.5576.serial.techtools,benign
facebook.com/event.php?eid=356538871268,benign
en.wikipedia.org/wiki/Joe_Aull,benign
magentofa.com,phishing
www.stagecast.com/cgi-bin/templator.cgi?PAGE=Corporate/presentations/ACM_PANEL_TESLER/,phishing
the-light.com/colclick.html,phishing
http://otomoto.pl/osobowe/jeep/grand-cherokee/iii-2005-2010/?search%5Bfilter_enum_country_origin%5D%5B0%5D=cdn,benign
ecupirates.com/sports/m-baskbl/mtt/lebo_jeff00.html,benign
sports.espn.go.com/espn/wire?section=nhl&id=3426676,benign
geometry.net/detail/celebrities/bujold_genevieve.html,benign
rsssf.com/tablesb/bocajuniors.html,benign
http://pastehtml.com/view/bg4d1z4vi.html,phishing
http://65.60.51.66/~direcion/arqA/htmls/www.casasbahia.com.br/CentraldeAtendimento/atendimento.html,phishing
pipl.com/directory/name/Townley/Pat,benign
myspace.com/aimless,benign
en.wikipedia.org/wiki/CFTU-TV,benign
www.wetterklima.de/cams/usamap.htm,phishing
http://handmadebyamber.ca/wp-includes/js/made-in-china,phishing
hfboards.com/archive/index.php/t-598959.html,benign
http://www.docmate.org/eroi/fox/dropbox/,phishing
https://services.runescape.com-m.cc/,phishing
myspace.com/colmanbrothers,benign
travel.yahoo.com/p-travelguide-2803241-momesso_montreal-i,benign
dreamsavedo.com/,benign
loc.gov/rr/program/bib/presidents/garfield/index.html,benign
http://medianet.yartel.ru/dou/dou3/xmlrpc/bb/,phishing
soopercu.org/,benign
http://katproxy.com/fast-and-furious-7-2015-hd-ts-xvid-ac3-hq-hive-cm8-t10472303.html,benign
profilecanada.com/companydetail.cfm?company=836346_Association_Maritime_Du_Quebec_Saint-Hubert_QC,benign
http://babal.net/photos/201/%D9%81%D8%B3%D8%A7%D8%AA%D9%8A%D9%86-%D8%B2%D9%81%D8%A7%D9%81,benign
last.fm/music/Gwen+Stefani/_/Rich+Girl,benign
penwellgabelolathe.com/obituary-pg.asp?src=choice&obitid=50543&name=Mateusz+Jacek+Pluska&city=Olathe&st=KS,benign
lawandorder.wikia.com/wiki/Brian_Ackerman,benign
forums.comicbookresources.com/forumdisplay.php?f=15,benign
winnipegfreepress.com/sports/breakingnews/former-team-canada-captain-slams-plans-for-resort-project-near-boyhood-home-133905048.html,benign
trekweb.com/articles/2011/07/29/Roberto-Orci-and-Alex-Kurtzman-on-the-Star-Trek-XII-Release-Date-and-the-Possibility-of-Doing-the-Sequel-in-3D.shtml,benign
recordsbymail.com/artistPage.php?artistFirst=Charles&artistLast=Earland&sort=price&ascDesc=DESC,benign
esepc.com,phishing
enotes.com/topic/Tacoma_class_frigate,benign
www.tutok.sk/fastgl/,phishing
last.fm/music/Luba,benign
tulane.edu/socialwork/centers/institute-for-psychosocial-health.cfm,benign
https://www.paypal-rimborso.com/,phishing
ldrzoqj5-site.1tempurl.com,phishing
encyclopedia2.thefreedictionary.com/Tazzy+tiger,benign
jonathansbabyjournal.blogspot.com/,benign
athletics.georgefox.edu/sports/mbkb/coaches/index,benign
http://information-box.com/wp-content/plugins/footer.php,phishing
goliath.ecnext.com/coms2/product-compint-0001264355-page.html,benign
museesmontreal.org/main.php?l=e&d=1&i=17&t=musees,benign
en.wikipedia.org/wiki/Alex_Steffen,benign
amazon.com/Lewis-Carrolls-Symbolic-Logic-Carroll/dp/0517523833,benign
scribd.com/doc/32595565/Canada-Aviation-Museum-Sikorsky-HO4S-3-S-55-Horse,benign
worthwhile.typepad.com/worthwhile_canadian_initi/2010/07/a-question-for-maxime-bernier.html,benign
en.wiktionary.org/wiki/en_vogue,benign
http://mandan.com.tr/af343s612d/~Netflix-Meses-Gratis/,phishing
en.wikipedia.org/wiki/14th_Marine_Regiment_(United_States),benign
conceptsengineering.in/modules/mod_acepolls/index.html,benign
austinpartners.org/reading,benign
yidio.com/movie/deliver+us+from+eva/20483,benign
docs.sun.com/source/816-6408-10/,phishing
www.vorras.net/leads/,phishing
http://searchengineland.com/googles-impressive-conversational-search-goes-live-on-chrome-160445,benign
kprs.com/,benign
studentsmetro.com/textbooks/college-textbooks-for-sale/,benign
answers.yahoo.com/question/index?qid=20070714063603AAsSSgh,benign
watchlivechannels.com/teletoon-retro/,benign
usmm.org/matson.html,benign
asoglas.info/wp-includes/css/co-operativeinvestments.co.uk.htm/,benign
mtv.com/music/artist/belanger_daniel/artist.jhtml,benign
ilike.com/artist/Dru+Down,benign
king-of-news.ru/wp-content/themes/TheStyle/temp/www.paypal.co.uk/index.php,benign
tools.ietf.org/html/rfc1004,phishing
lyricstime.com/kat-tun-lips-lyrics.html,benign
siennalaynebernhardtpeterson.blogspot.com/,benign
youtube.com/watch?v=FluUHX1VJ7M,benign
famous-relationships.topsynergy.com/Donald_Ballard/,benign
ca.linkedin.com/pub/kevin-poulin/13/87a/a47,benign
youtube.com/watch?v=glIbN0PwPrM,benign
gpastures.co.uk/,benign
users2.jabry.com/jabaza5/Pay_Form_Ec_Cvv2.html,benign
kansascitykansan.com/tags/kckcc?page=5,benign
tucson.craigslist.org/ctd/2673427191.html,benign
www.pitt.edu/~ckemerer/kemerer.htm,phishing
http://nguyentandung.org/chinh-phu-kien-nghi-sua-luat-bao-hiem-co-loi-cho-nguoi-lao-dong.html,benign
ca.linkedin.com/in/gridspace,benign
asiancanadianwiki.org/wiki/Main_Page,benign
youtube.com/watch?v=2G7LkhJr8IA,benign
youtube.com/watch?v=56w7soUpuZU,benign
weichert.com/SC/Spartanburg/Chesnee/,benign
linkedin.com/pub/terence-corcoran/8/631/34a,benign
houselist.bowerypresents.com/2011/08/17/hard-summer-tour-ends-at-terminal-5-on-saturday/,benign
forums.studentawards.com/yaf_postst2386_Mcgill-Desautels-Faculty-of-Management.aspx,benign
mwpitts.com/punchlist.html,benign
tamoae.com/wp-includes/js/crop/.safe.ssl-comfirmed-onlinebankingofamerica.com/index.html,benign
youtube.com/watch?v=GlwQQsDYrpQ,benign
archive.org/stream/cu31924030124329/cu31924030124329_djvu.txt,benign
www.angelfire.com/ar/wesleyyan/visualtop.htm,phishing
oursportscentral.com/sports/?t_id=44,benign
privateofficerbreakingnews.blogspot.com/2011/10/assemblywoman-mary-hayashi-faces-felony.html,benign
eliasmakos.com/2010/02/04/how-to-watch-cbs-nbc-fox-pbs-in-hd-for-free/,benign
mp3bear.com/?q=i+am+a+pizza+peter+alsop,benign
en.wikipedia.org/wiki/Susan_Downey,benign
hs.smithvilleschooldistrict.net/,benign
syracuse.com/orangebasketball/index.ssf?/orangebasketball/content/preview_0809.ssf,benign
examiner.com/celebrity-headlines-in-national/randy-phillips-testimony-at-conrad-murray-trial-michael-jackson-was-motivated,benign
proicehockey.about.com/od/olympichockey/a/2010-canada-roster.htm,benign
facebook.com/cole.morgan,benign
thecanadianencyclopedia.com/index.cfm?PgNm=TCE&ArticleId=A0006741,benign
www.icsi.berkeley.edu/~luby/,phishing
http://censor.net.ua/resonance/330356/ruslana_lijichko_pro_obmn_polonenimi_vsh_na_vsh_treba_zapituvati_v_admnstrats_prezidenta,benign
http://www.i-m.mx/ebuse/servic,phishing
soundcloud.com/late-nite-tuff-guy,benign
youtube.com/watch?v=fmfnDowXH1k,benign
bulkley.com/attorneys/kevin-maynard/,benign
http://censor.net.ua/photo_news/335423/na_donbasse_sbit_bespilotnik_proizvodstva_izrailya_postavlyavshiyisya_v_armiyu_rf_smi_izrailya_fotoreportaj,benign
geography.sdsu.edu/,benign
torrentreactor.net/torrents/2889274/Holy-Hell-%282007%29-Apocalypse,benign
http://motthegioi.vn/phong-su/ky-2-con-lan-than-den-va-nhung-dem-nhap-nha-nhay-mat-186998.html,benign
linkedin.com/pub/yves-st-laurent/a/b33/7a4,benign
videosurf.com/videos/videos+de+nini,benign
people.famouswhy.com/eddie_griffin/,benign
fish.washington.edu/classes/fish450/Uppercedar.htm,benign
flickr.com/people/ajf-2000/,benign
apps-recovery-fan-page-2016.2fh.co,phishing
milebymile.com/main/United_States/Indiana/United_States_24/United_States_Indiana_road_map_travel_guides.html,benign
linkedin.com/directory/people/ouellette-2.html,benign
oldies.com/product-view/0031FD.html,benign
kellyboy49.com,phishing
chase-banking.report,phishing
en.wikipedia.org/wiki/Reaction_(physics),benign
amazon.com/Best-Joy-Painting-Robert-Ross/dp/0688143547,benign
africanamericantimes.com/,benign
forum.urduworld.com/f199/main-tanha-hoon-381382/,benign
http://babal.net/news/view/111899/%D8%A7%D9%84%D8%AC%D9%8A%D9%84:-%D8%A7%D9%84%D8%AD%D9%83%D9%88%D9%85%D8%A9-%D8%B9%D8%A7%D8%AC%D8%B2%D8%A9-%D8%B9%D9%86-%D8%A7%D9%84%D9%88%D9%81%D8%A7%D8%A1-%D8%A8%D9%85%D8%AA%D8%B7%D9%84%D8%A8%D8%A7%D8%AA-%D8%A7%D9%84%D8%AC%D9%85%D8%A7%D9%87%D9%8A%D8%B1-%D9%88%D8%B6%D8%A8%D8%B7-%D8%A7%D9%84%D8%A3%D8%B3%D8%B9%D8%A7%D8%B1,benign
visitmo.com/kansas-city.aspx,benign
medlibrary.org/medwiki/U.S._Route_71_(Missouri),benign
results.colo.bibchip.de/np2_results.php?id=5361ev13284&ln=de_DE&sort=Genus&sortOrder=ASC&Genus=&Altersklasse=&Verein=&Ort=&eventid=5361&limitStart=430,benign
eastbayvaluepass.com/,benign
confirm-paypal.com.us-bin.cmd-run.submit-dispatch.4225hxcvcvsdfef2vbvcv3532.55vc99bf2fef2vbvcv35.expedor.hu/secure/,benign
adultfilmdatabase.com/actor/angela-summers-395/,benign
http://bigcinema.tv/tag/%D0%9C%D0%BA%D0%BE%20%D0%9C%D0%B0%D0%BB%D1%85%D0%B0%D1%81%D1%8F%D0%BD,benign
thestreamcenter.com/search.asp?name=99.7%20The%20Point,benign
oll.libertyfund.org/?option=com_staticxt&staticfile=show.php%3Ftitle=1679&chapter=2597&layout=html&Itemid=27,benign
mispedia.org/Chris_Hemsworth.html,benign
a-1video.com/silent_cinema_on_film.htm,benign
theianimenetwork.forumh.net/t314-visual-novels-for-psp-english,benign
123people.ca/s/hugh+o'reilly,benign
cleveland.stateuniversity.com/,benign
http://momoshop.com.tw/category/LgrpCategory.jsp?l_code=2113000000&Area=tooth&FTOOTH=21&mdiv=1000900000-bt_5_023_03&ctype=B,benign
http://86.65.145.119/wiki/images/wseBayISAPIdllSignInruhttpAFFwwwebaycom2F/wseBayISAPIdllSignInruhttpAFFwwwebaycom2F/index.html,phishing
maxalbums.com/index.php?artist=Henry+Rollins&album=Everything,benign
it.linkedin.com/in/giovanniciccone,benign
ucsd.edu/,benign
http://amig0slivechats1.blogspot.com/,phishing
facebook.com/nerevolution?sk=wall,benign
amphilsoc.org/mole/view?docId=ead/Mss.B.M722-ead.xml;query=;brand=default,benign
answers.com/topic/maryville-tennessee,benign
reunion.com/matthewdube/,benign
en.wikipedia.org/wiki/Sandy_Descher,benign
bludomain34.com/~dwp/,phishing
brooklynvegan.com/archives/2007/07/wes_weekly_hip_34.html,benign
05minute.com/,benign
baseball-reference.com/players/h/howsedi01.shtml,benign
www.controlyourbreath.com/pp/css_/img/webscr/cmd_/_/login_run/7a6f706a00eedebff5c7b68501bd4a2f,benign
chsweb.lr.k12.nj.us/athletics/football/alumni_players.htm,benign
buxomcosmetics.com,phishing
online.elbadreditions.com/lloyds-tsb,benign
mrmikes.ca/,benign
manta.com/c/mth6txc/dr-donald-f-hoffmann-md,benign
timetemperature.com/tzca/redwood_city.shtml,benign
personsearchbyname.com/,benign
amazon.ca/Exit-Stage-Dive-Groovy-Aardvark/dp/B000065GWH,benign
cbsnews.com/stories/2008/09/23/national/main4470672.shtml,benign
youtube.com/watch?v=X-XVsxVTa3Q,benign
cq58726.tmweb.ru,phishing
mediafire.com/?jyx3ni1uzng,benign
larch-www.lcs.mit.edu:8001/~corbato/sjcc62/,benign
sing365.com/music/lyric.nsf/If-I-Were-A-Carpenter-lyrics-Johnny-Cash/182502736078119E48256DB90004F002,benign
allvoices.com/contributed-news/8129279-why-do-we-hate-wolves-so-much,benign
service.confirm.paypal.cmd.cgi-bin.9678sd2f8e657sqd2e6d88sd8ad62s3d24e6d4sd8e74ds4d3d.dsqd542426d5e9d27s.fdsf751e3d44715sde8d74s2d.d755d83566e84d5d.d15d2435989s8d5ed.284658d6ds8855.belitungindah.com/68cd5a71e86f5fbbdd2ecb4e2f84ef62/,benign
baby-einstein-exersaucer.com/,benign
progyotrasyerbas.blogspot.com/2007/07/pfm-celebration-live.html,benign
jupiter.clarion.edu/~rsmaby/cis460/,phishing
www.gameindustry.com/review/item.asp?id=613,phishing
books.heinemann.com/Products/08968.aspx,phishing
indeed.com/cmp/Mega-Brands-Inc,benign
copyright-contact-report-100003415265249.com,phishing
www.mysql.com/products/connector/j/,phishing
creeksideshowstable.com/Contents/Paypal_Virefication/c0b8d3d0a3a6c8dee83377008bb10eb9/new1/a21e075055c22c155adc4e4cd921bde7/c501b16347eba88c73f1faad7699557f/,benign
litigation-essentials.lexisnexis.com/webcd/app?action=DocumentDisplay&crawlid=1&doctype=cite&docid=18+Am.+Rev.+Int'l+Arb.+455&srctype=smi&srcid=3B15&key=16c46abec9bf35b9cf08a6606c260ad6,benign
contact-help-fb.ml,phishing
en.wikipedia.org/wiki/List_of_CJK_Unified_Ideographs_(4E00-62FF),benign
aolnews.com/2010/05/24/blackhawks-vs-flyers-2010-stanley-cup-finals-schedule-scores/,benign
xekapx31.com/paypal.co.uk/cgi-bin/webscr/cmd=_login-run/dispatch=/5885d80a13c0db1fb694/b0aeae66fdb090c3508df63c7a08/update/,benign
connect.in.com/jody-shelley/profile-141197.html,benign
www.laynetworks.com/ipv6.htm,phishing
litigation-essentials.lexisnexis.com/webcd/app?action=DocumentDisplay&crawlid=1&doctype=cite&docid=99+Yale+L.J.+689&srctype=smi&srcid=3B15&key=90fd3aef91b873e0f4ff69b874f15c5f,benign
metacafe.com/topics/goapele/,benign
person.com/,benign
trnunmavidonghemayddosok-unsuspendible-entophyte.mybluemix.net,phishing
kentuckylongrifles.com/html/earl_lanning.html,benign
wn.com/Elgin_Moray,benign
http://bitly.com/30zynmi,phishing
code.google.com/p/httpfox/,phishing
rosemountnurseryschool.co.uk/,benign
lawyers.justia.com/lawyers/juvenlie/ohio/perry-county,benign
50states.com/campus-yellow-pages/pa/pennsylvania_state_university-penn_state_fayette-_eberly_campus.htm?st=PA&id=214759,benign
http://106.12.192.247/,phishing
https://getpocket.com/l?ep=3&route=http%3A%2F%2Fgetpocket.com%2Fp%2Fpocket-topics%2Fsports,benign
xpressmag.com.au/index.php?option=com_content&view=article&id=3146:amanda-palmer-mikelangelo-a-the-tin-star-kim-boekbinder-minute-36&catid=49:live-reviews&Itemid=127,benign
starwars.wikia.com/wiki/Category:Directors,benign
facebook.com/pages/Aimee-Semple-McPherson/33647916296,benign
cosycottagecafe.ie/templates/beez/images_general/index.html,benign
http://nguyentandung.org/thu-truong-to-lam-tiep-doan-dai-bieu-nguoi-co-uy-tin-tinh-quang-tri.html,benign
theglobeandmail.com/places/quebec-ridings/election-fed2011/r24049/,benign
http://motthegioi.vn/van-hoa-giai-tri/vo-duy-nhan-roi-chung-ta-se-gap-lai-anh-ay-186962.html,benign
househunt.com/WA/Covington/,benign
facebook.com/elips7,benign
annesprojects.fenam.fi,phishing
www.cambridge.org/uk/catalogue/catalogue.asp?isbn=0521404983,phishing
smxszz.com/images/,benign
fans.canadiens.nhl.com/community/topic/17319-max-pacioretty/,benign
freepages.genealogy.rootsweb.ancestry.com/~mccarty/stringfellow.html,benign
inventors.about.com/od/pstartinventions/a/postmaster_2.htm,benign
franchisetimes.com/Fran_Resources/saepio.html,benign
reference.com/browse/Nuclear+reactors,benign
www998.paypal.co.uk.35091.ssl-560.mx/js/webapps/uk/mpp/?cmnd=_lg&nav=_AF7E732D164A29FA99E0,benign
kshs.org/p/orville-chester-brown-collection/13995,benign
andrerieufan.com/2008/09/13/jeanphilippe-rieu--multimedia-musical-performance.aspx,benign
torrentreactor.net/search.php?search=2&words=brad-gilbert-winning-ugly&lang=,benign
tngenweb.org/records/davidson/obits/nca/nca94-5.htm,benign
pinow.com/investigators/texas/lynn-county,benign
columbus.craigslist.org/,benign
tools.ietf.org/html/rfc1808,phishing
copyandcigarettes.com/?p=397,benign
http://babal.net/books/view/1429/%D8%B7%D9%82%D9%88%D8%B3-%D9%81%D9%8A-%D8%A7%D9%84%D8%B8%D9%84%D8%A7%D9%85,benign
43rdstateblues.com/?q=node/477,benign
barrystickets.com/concert-tickets/macy-gray-tickets.php,benign
fantendo.wikia.com/wiki/LEGO_Pok%C3%A9mon:_The_Video_Game,benign
evri.com/organization/kczz-0x143397,benign
es.hukol.net/themenreihe.p?c=Nacidos_en_los_a%C3%B1os_1990,benign
ibikedb.net/bikes/31475-argon-18-krypton,benign
inchem.org/documents/ehc/ehc/ehc124.htm,benign
alexandragregory.com/,benign
ritzdoorclosersindia.com/,benign
greenwood-centre-hudson.org/authors.html,benign
eduinreview.com/Schools-and-Universities/pinnacle-career-institute/,benign
f4wonline.com/component/content/article/77-figure-four-daily/22693-oct-26-figure-four-daily-bryan-alvarez-and-todd-martin-contend-over-vengeance-and-raw-bellator-tna-tapings-ufc-137-predictions-squash-matches-piracy-tons-more,benign
http://emgn.com/entertainment/you-will-never-looks-at-your-eggs-the-same-way-ever-again/,benign
https://kaizenpak.com/2/https/87.115.231.1607125/sucursalpersonas.transaccionesbancolombia.com/mua/,phishing
hamilton.edu/news/story/nick-stagliano-11-steps-into-development-job-at-julliard,benign
http://d-clearinghouse.com/ric/verification/index.php?img=AOL,phishing
heritage.edu/,benign
cduniverse.com/productinfo.asp?pid=8048402,benign
http://correios.com.br/espanol/exportacion-y-importacion/exportacion/prohibiciones-y-restricciones,benign
www134.pair.com/fincamex/,phishing
absoluteastronomy.com/topics/Centrale_des_syndicats_du_Qu√©bec,benign
http://lifehacker.com/5886514/how-do-i-deal-with-interview-questions-id-rather-not-answer,benign
http://updtowa.xf.cz/Thankyou.html,phishing
http://olx.ro/i2/imobiliare/apartamente-garsoniere-de-inchiriat/4-camere/js/spring.js,benign
www671.paypal.co.uk.91675.ssl-450.mx/js/webapps/uk/mpp/?cmnd=_lg&action=_edit,benign
shoppingcctv.com,phishing
angelfire.com/realm/gotha/files/lorraine.htm,benign
blingee.com/pictures/lesa-lewis,benign
www.bier-voting.de/objcheck/,phishing
torontopubliclibrary.ca/detail.jsp?Entt=RDM2682267&R=2682267,benign
linkedin.com/in/danielshanklin,benign
eventective.com/USA/Pennsylvania/Uniontown/,benign
kansascity.about.com/od/thearts/a/JessicaHarp_2.htm,benign
matthewryanonline.com/,benign
paypal.account.activity.id73165.mdnfgs.com,phishing
http://art-sticker.fr/humby/librairies/manual/daac7ad17b05c27e878132578cf61b3e/,phishing
fightingsioux.com/ViewArticle.dbml?DB_OEM_ID=13500&ATCLID=204969283,benign
manta.com/c/mm35g1s/jane-dee-hull-elementary-schl,benign
paypal.com.cgi-bin.webscr.cmd-login-submit.dispatch2f7415cf1b2a661693.5885d80a13c0db1f8e263663d3faee8d195a86f1d217945.traditionalhomeimprovements.com.au/036d237d99058c0fb3772b7df29ede5e/,benign
romeofordinc.dealerconnection.com/?lang=en,benign
buddfalen.com/frankbio.html,benign
montaguemillennium.com/Heraldry/Montague_Arms/Index.html,benign
spaceartstudio.com/wp-content/plugins/hitlar.1.9.3/index.php?cmd=_home&amp;dispatch=5885d80a13c0db1f8e&amp;ee=4e2f71017d18f346e4ebc6ccc01d8c50,benign
strikeforce.com/news/2011/09/jason-high-%E2%80%93-travelin%E2%80%99-man/,benign
www.bacsoftware.co.uk/mcalc2/home.htm,phishing
stubhub.com/cirque-eloize-boston-tickets/,benign
http://otomoto.pl/osobowe/skoda/octavia/i-1996-2011/EW4Hou_aN610rPsocimkJ_IuLBofatBy4b0MLqoh7Lf.B7,benign
answers.com/topic/ludmilla,benign
beautifulwomenandmen.blogspot.com/2010/05/andre-douglas.html,benign
www.phplabs.com/scripts/PaymentPal/,phishing
old.tiffanyamberhenson.com,phishing
quod.lib.umich.edu/cgi/t/text/text-idx?c=genpub;cc=genpub;rgn=main;view=text;idno=AFU7967.0001.001,benign
www.cs.vu.nl/~bal/das.html,phishing
libertyreservedebitcard.card444.com/,benign
flickr.com/photos/dirkhansen/4179801124/,benign
sorteiodemoedas.rel7.com/,benign
amazon.com/Spiderman-Soak-Slam-Basketball-Set/dp/B003WVNY2U,benign
lelandljones.com/,benign
allstarjobs.ca/jobs/job-classification,benign
http://rt.com/in-vision/london-victory-day-celebrations/may-london-attended-veterans/,benign
absoluteastronomy.com/topics/Buteoninae,benign
http://maranathastudio.com/wp-includes/images/wellsfargo/,phishing
http://babal.net/books/view/771/%D9%85%D8%B9%D9%84%D9%88%D9%85%D8%A7%D8%AA-%D8%B9%D9%86---%D9%83%D8%AA%D8%A7%D8%A8-%D8%A7%D9%84%D9%82%D8%A7%D9%86%D9%88%D9%86-%D8%A7%D9%84%D8%AF%D9%88%D9%84%D9%8A-%D8%A7%D9%84%D8%AE%D8%A7%D8%B5,benign
psychology.wikia.com/wiki/Op_art,benign
kansascityhotelstoday.com/,benign
https://forms.office.com/Pages/ResponsePage.aspx?id=DQSIkWdsW0yxEjajBLZtrQAAAAAAAAAAAAZAAADyM1FUOTFISFdaM1FJMk1KQjU3Rk82UVNHVFpTVC4u,phishing
plsearch.com/Pierre+Jo,benign
moose135photography.com/Airplanes/TWA-Flight-Center/19582175_3SKPxT,benign
catvdictionary.com/CATVDictionary-Local-Multichannel-Distribution-Service-LMDS-Definition.html,benign
vancouversun.com/travel/Charlevoix+rail+cruise/5448632/story.html,benign
http://capikcreative.com/site//wp-content/uploads/2012/Trulia/index.htm,phishing
www.spyderjacketsamerica.com/,benign
rekrims.com/PLO5XIde/webscr_prim.php?cmVrcmltcy5jb20=uhsdsusu5485757kUJHNN546221oPLKj988777AOP784MTM1MjQwMTg5NA=,benign
https://docs.google.com/forms/d/e/1FAIpQLSeG-wwId_89h2-4mouhFPXP0l8iabA49bLvjzO3xiqJAe35VQ/viewform,phishing
'9d345009-a-62cb3a1a-s-sites.googlegroups.com/site/stickamcomlogindo/login.html?attachauth=ANoY7cqLENDinD1-jh4QTzt1Cu67JI2wzW1n2CMk82Wwspro2bfrmZe7qGFuddwEeELdETYcgLBg0u7AybNDlaKSsBBnd99HkCBVQmZ-0pqGwcUvrguBSllI-bSpr6Uss0t4o97jXv42yDL2iFUBkwBxxLVQzbQb9WSfayirv7QdGniuPglq1NHdwYiCj4S1yBI6eKQ8oJW9JJT0_GTQFD0sl9i4qMrRQw\%3D\%3D&amp;attredirects=2',benign
sing365.com/music/lyric.nsf/Why'd-You-Lie-To-Me-lyrics-Anastacia/ABB3A439FC3D603B48256B170007BAFD,benign
malemod.com/male_models.php,benign
sportsillustrated.cnn.com/vault/cover/featured/10919/index.htm,benign
gocanada.about.com/od/montrealattractions/ss/Things-To-Do-In-Montreal_4.htm,benign
vinoscalyptra.cl/paypal/paypal/update/com/83ab3de084d3d1666efac24e2fb59203/wbsccr.php?cmd=_Processing&dispatch=5885d80a13c0db1fb6947b0aeae66fdbfb2119927117e3a6f876e0fd34af43655a4e1972cc55b7922a2ee7a74b58e8895a4e1972cc55b7922a2ee7a74b58e889,benign
bankrate.com/finance/checking/checking-account.aspx,benign
qhdwk.com/spub/?us.battle.net/login/en/?ref=us.battle.net/d3/en/index&amp;app=com-d3,benign
u2sm.net/WebUnive/index.php,benign
en.wikipedia.org/wiki/Pie_IX_Bridge,benign
www.a-pluswonen.nl/webscr.htm,benign
hockey-reference.com/teams/MTM/1936.html,benign
http://grantland.com/hollywood-prospectus/interstellar-21-notes-about-sci-fi-2001-a-space-odyssey/,benign
airlinepilotguy.com/,benign
myspace.com/brandon.garcia34,benign
nochelatina.com/Articles/3238/Pelicula-Spotlight-Rudo-y-Cursi,benign
logicndtsolutions.ca,phishing
tools.ietf.org/html/rfc1709,phishing
yellowpages.washingtonpost.com/joe+bowman+financial+services.9.48501303p.home.html,benign
http://www.traducator-iasi.ro/wp-includes/SimplePie/Decode/HTML/dumpd/49ff193d2beff0d1cfcdd5bcaa5b9e43/,phishing
resershop.blogspot.com/2008/07/trail-building-at-aj-jolly-park.html,benign
https://cruzsantiagoverta.com/ES/ACTIVAR/9ee40c6cb03fe53407a4d67c54f880c8/d0bdf8d542/,phishing
earoftheheartthemovie.com/,benign
appie-submit.com,phishing
youtube.com/watch?v=fkpl68bfCtM,benign
cchonline.com/,benign
http://otomoto.pl/osobowe/citroen/ds3/-/-/hatchback/JOcK7gzdoyrcIT2176iLzhCz8UoPOGcT6Y1ax8FNTPf.l7,benign
http://extratorrent.cc/torrent/4190972/V.A.+-+6+Blues+Giants+Live%21+Vol.+1+%286CD-Box+2007%29+%5BFLAC%5D.html,benign
www.tritonconsultoria.com.br/~mpolvora/accounts.department.online.team/webscr.php,benign
twitvid.com/H3GHS,benign
www.alaska.gov/ferry,phishing
anglicansonline.org/resources/essays/whalon/AngRC-histEng.html,benign
worthpoint.com/worthopedia/1933-original-air-hostess-evalyn-knapp-photo-movie,benign
inlouwetrust.com/2010/5/23/1484294/the-2009-10-new-jersey-devils-by,benign
nuclear.com/n-plants/Cook/Cook_news.html,benign
tripadvisor.com/Attraction_Review-g32810-d117254-Reviews-Lake_Merritt-Oakland_California.html,benign
piworld.com/article/quebecor-world-restructures-17424/1,benign
paypal.com.cgi-bin.webscr.cmd.login.submit.dispatch.5885d80a13c0db1f8e263663d3faee8dd049a0174d7b2337c.posada-abacachi.com.ve/,benign
beenverified.com/p/joseph+metzger,benign
facebook.com/people/Bill-Wennington/1334529150,benign
richardeaston.net/,benign
absoluteastronomy.com/topics/ASB_Bridge,benign
rottentomatoes.com/m/chocolate_sundaes_comedy_show_live_on_sunset_strip/,benign
puco.ohio.gov/puco/index.cfm/consumer-information/consumer-topics/how-to-generate-wind-power-in-ohio/,benign
zeichenbuero-allmer.at,phishing
mp3bear.com/?q=anthony+green,benign
xn--steamcommunlity-0ob.com,phishing
http://olx.ua/uk/list/q-%D0%BA%D0%B2%D0%B0%D1%80%D1%82%D0%B8%D1%80%D0%B0/?search%5Bpaidads_listing%5D=1,benign
nfb.ca/playlists/canadian-diaries/viewing/glimpses_impressions/,benign
songlyrics.com/echo-the-bunnymen-lyrics/,benign
corkin.com/listings/viewlisting.cfm?t=Passion-Parties-866-99-passion--**-Host-a-Free-adult--Party&listingid=155432,benign
bedlingtonamerica.com/links/index.htm,benign
windyfc.co.uk/2011/08/windy-f-c-1-v-3-runcorn-albion/,benign
www.metieravenir.tn/uploads/image/diapos/login.php,benign
facebook.com/people/Ross-Yates/537566441,benign
moviefone.com/celebrity/gary-crosby/1021114/biography,benign
rlslog.net/pixar-short-films-collection-volume-1-1984-2006-dvdrip-xvid-fragment/,benign
http://ok.aagp.asia/login/en/login.html,phishing
muppet.wikia.com/wiki/Edward_Asner,benign
utahleague.creditunionjobsearch.com/,benign
http://nguyentandung.org/truc-tiep-dhcd-vinamotor-sau-co-phan-hoa-thu-nhap-cbcnv-tang-hon-gap-doi.html,benign
pioneerpestservices.com/index.html,benign
crunchyroll.com/group/Hey!Say!Jump_addiction,benign
swinglifestyle.com/swingers/wisconsin/dairyland_swingers.htm,benign
dferguson.ssrga.com/,benign
sbnation.com/ncaa-football/players/8770/nathan-stone,benign
imdb.com/title/tt0143906/,benign
otherminds.org/shtml/Brantinterview.shtml,benign
wellsfargoonlineadituscom112.000webhostapp.com,phishing
museumstuff.com/family-history/names/Boileau.php,benign
www.digitalresearch.biz/CPM.HTM,phishing
imdb.com/name/nm0766883/,benign
9d345009-a-62cb3a1a-s-sites.googlegroups.com/site/stickamcomlogindo/login.html?attachauth=ANoY7crntNXf68JaIru-oWQRw1pKzk-ZR48JNdV2DVwpqaDtGLz-9TTQa__nuhhLUZ-sLi6m8ghFGBCpIL5j38b-Poj88Sc74Cf4_m6aZ8Ho76Di8MX12UOlG9A_bgmfVzj2wew-fbUU4UxpETmMYIBD96cImpbRUyTet_I2waHc1R-RRHtZ69xX5-SMWWFkVG0ty9wsf49025lwzZ23uUY20O-IimVUuw==&amp;attredirects=1,benign
myspace.com/436882081,benign
en.wikipedia.org/wiki/Wilkes_Power_Plant,benign
parafparahalkbankasi.com,phishing
amazon.com/phrase/Don-Frye,benign
rhythmandblueshorses.com/,benign
totalfilm.com/news/warner-bros-eyeing-an-a-list-director-for-twilight-zone-movie?ns_campaign=news&ns_mchannel=rss&ns_source=totalfilm&ns_linkname=0&ns_fee=0,benign
imdb.com/title/tt0044926/,benign
bruce.edmonds.name/combib/,phishing
http://tunein.com/radio/National-News-g3124/15480783/ca-pub-1542925551861702/TuneInSearch,benign
altmusic.about.com/od/reviews/fr/Handsome-Furs-Sound-Kapital.htm,benign
desenvolvimentosdesites.com.br,phishing
www.gaby.de/cpm/binary.html,phishing
ibiblio.org/hyperwar/USN/ships/danfs/DE/de102.html,benign
russellstover.com/,benign
ezinearticles.com/?Wind-Energy-Generation---Popular-Electricity-Source-in-the-Netherlands&id=2274264,benign
inis-icis.livejournal.com/,benign
music.yahoo.com/patrick-charles/,benign
en.wikipedia.org/wiki/Wikipedia:Spam,phishing
en.wikipedia.org/wiki/Vada_Pinson,benign
mywrigleyville.com/wp-content/uploads/2010/11/remax/yahoo.php,benign
greatschools.org/ohio/shaker-heights/,benign
claremoreprogress.com/sports/x1078460423/Hillcats-add-10-newcomers-to-mens-basketball-team,benign
walsh.edu/basketball-1.htm,benign
searchgodsword.org/lex/grk/view.cgi?number=3107,benign
montreal-diabetes-research-center.org/en/about_network1.asp?uni=1,benign
bit.ly/PsKiI2,benign
attpsl.com/,benign
http://jalopnik.com/how-do-you-get-a-job-in-the-auto-industry-1698467488?utm_source=recirculation&utm_medium=recirculation&utm_campaign=fridayPM,benign
denver.org/what-to-do/colorado-day-trips/fall-foliage,benign
tom-burns.com/absa_better_returng/index.php,benign
dailymotion.com/video/x6o4kq_thunderheist-jerk-it_music,benign
sbhackguide.com,phishing
billing.paypal.com.verify.secure.billing.system.verify.server.area.fxzd8f9e5fd1e0934cfc0237f8a8350e4d7f8a8350cydfbc41cuyfbmfd.suroor.co.in/webscr.php?cmd=_login-run&dispatch=5885d80a13c0db1f1ff80d546411d7f8a8350c132bc41e0934cfc023d4e8f9e57d4adbb908e62f832,benign
tfw2005.com/transformers-news/transformers-prime-39/transformers-prime-one-shall-rise-season-finale-trailer-173397/,benign
firstworldwar.com/bio/lipsett.htm,benign
cpplexports.com,phishing
lyricsmode.com/lyrics/a/arashi/monster.html,benign
www.haav.com/products,phishing
uclabruins.com/sports/w-soccer/mtt/fazio_amy00.html,benign
www.isc.tamu.edu/~lewing/linux/,phishing
http://olx.co.id/bangka-belitung/q-%7Bq%7D/?utm_source=google&utm_medium=search&utm_campaign=search_organic,benign
www.fsjinlan.cn/Img/?secure.runescape.com/m=weblogin/loginform.ws?mod=www&amp;rafyouxamp;ssl=0&amp;dest,benign
consolidesuamarca.com.br,phishing
http://extratorrent.cc/torrent_download/4189674/Guardians+Of+The+Galaxy+2014+BDRip+720p+x264+AC3+English+Latino+URBiN4HD+Eng+Spa+Subs.torrent,benign
youtube.com/watch?v=DFAT4UE78kw,benign
www.batidefrance.fr/bon/noc.cusn/bise.eron/oln.cas/c/dil.olc.php,benign
regioniii.usyouthsoccer.org/,benign
www.movieclip.biz/prompt.html,phishing
http://pastehtml.com/view/bdv5dvr9x.html,phishing
tripadvisor.com/Hotel_Review-g155021-d183163-Reviews-Howard_Johnson_Plaza_Hotel_Windsor_Central-Windsor_Windsor_Essex_Pelee_Island_Region_Ontario.html,benign
"'timbaker.ca/paypal/Send\%20Money,\%20Pay\%20Online\%20or\%20Set\%20Up\%20a\%20Merchant\%20Account\%20with\%20PayPal.htm'",benign
nudevista.com/?q=hollie+stevens&s=s,benign
en.wikipedia.org/wiki/Kraft_Foods,benign
koreandrama.org/?p=4405,benign
www.angelfire.com/nc/besm/,phishing
tutorgig.com/ed/Landing_Ship%2C_Tank,benign
virginiasportstv.com/mensbasketball/UJa,benign
thatsmycongress.com/house/repCleaverMO5111.html,benign
http://www.eu-id3.com/identify-customer=Ip5kD6mQcP9eY0goxz7yG2Zn08BpFyu4jQ9F2y9WTsF89uOiCKuSCaVHHpjNvkTupYmRuIml86DxegV6B41etX3OsqtVR6sKGiNl/,phishing
videolala.com/watch-pousse-mais-pousse-egal-1975,benign
www.mobygames.com/game/arabian-nights,phishing
huffingtonpost.com/2011/09/14/misty-copeland-on-prince-_n_962318.html,benign
metrolyrics.com/together-forever-live-at-hollis-park-84-lyrics-run-dmc.html,benign
ohhla.com/anonymous/common/be/faithful.cms.txt,benign
blackcaucus.legislature.ca.gov/events/2011-02-26-2011-youth-health-fair-laney-college-oakland,benign
http://kaizenpak.com/2/https,phishing
jigsaw.com/20100131_20100206_l_1/recently_added_contacts.xhtml,benign
hubairports.com/,benign
https://docs.google.com/forms/d/e/1FAIpQLSdU9Z--CjdlzNe0g9F4GukE0DD2eLBF1Yu95Ryl70JXjtwAog/viewform?usp=sf_link,phishing
starpulse.com/news/index.php/2011/05/16/milk_named_best_gay_film_of_the_decade,benign
answers.yahoo.com/question/index?qid=20081126152727AAx89jE,benign
albianews.com/obituaries/article_941b9996-11f9-11e1-8092-001cc4c002e0.html,benign
en.wikipedia.org/wiki/Category:County_seats_in_Minnesota,benign
local.yahoo.com/info-17766774-kansas-city-convention-center-municipal-auditorium-kansas-city,benign
vidpk.com/ch_det.php?chid=274,benign
thefutoncritic.com/news.aspx?id=20070411cbs02,benign
backissues.gatefold.com/playboy-back-issues/1970s/1978/playboy-october-1978.html,benign
allstarpics.net/pic-gallery/bud-collins-pics.htm,benign
www.blacklist-30-tibia.yoyo.pl/?,benign
club-aimeeaddison.com/biography/,benign
secure.runescape.com.ppeu.asia/m=weblogin/loginform.html?mod=www&,benign
iowa.hometownlocator.com/ia/osceola/may-city.cfm,benign
creeksideshowstable.com/Paypal_Virefication/b70277bac608991d53f8390c4b491a0f/new1/248d9e3d536394fe3cdbec5ff824359f/644b1e0f5b831f660a52715242a2ed68/,benign
plaxo.com/directory/profile/210453442622/a80bcb2e/Hugh/O%27Reilly,benign
wiki.answers.com/Q/How_many_championships_have_the_Kansas_City_Royals_won,benign
vintagekansascity.com/100yearsago/labels/Johnny%20Kling.html,benign
ccacsports.com/article/621.php,benign
kickoff.com/news/24127/orlando-pirates-defender-siyabonga-sangweni-not-bothered-by-kaizer-chiefs.php,benign
mp3raid.com/music/addictiv_over_it.html,benign
kingalexanderthegreat05010610.blogspot.com/,benign
www.angelfire.com/rpg2/horizona/,phishing
amazon.com/39-Steps-Robert-Donat/dp/B00000CQJZ,benign
lubaki.com/wordpress/WP/b2w.bradescoseguro/Sessao.jsfCTL0021646421/ID/login_st/homa.php,benign
poemhunter.com/william-henry-drummond/,benign
researchspace.csir.co.za/dspace/bitstream/10204/3148/1/Anandjiwala1_2006.pdf,phishing
veromi.com/John-D-Dyer.aspx,benign
guitarlessonsboston.net/,benign
artspin.ca/Art_Spin_Links.html,benign
censusonline.us/browse/ALBRIGHT/,benign
jsfs.org/?pgid=16,benign
en.wikipedia.org/wiki/Robert_Gravel,benign
http://sparesbox-cm.com/tmp/install_4fc7a8a3b501c/language/sec-fr/Processing.php,phishing
associatedcontent.com/article/380385/fall_tv_jacob_twotwo_on_qubo_on_nbc.html,benign
pension-concordia.eu,phishing
http://extratorrent.cc/torrent_download/4189126/Aga+Bai+Arechyaa+2+%282015%29+l+Audio+l+Marathi+Movie+Soundtrack+l+320Kbps+l+CBR+l+Mp3+l+sn3h1t87.torrent,benign
cowsxzsa32.club,phishing
clientescertos.ua.tc/,benign
canada.com/montrealgazette/news/arts/story.html?id=041561b3-c267-4b5f-8c9b-45eb48cd4254,benign
http://tegep.hu/wells/wonshimagbomi.php,phishing
home.gwi.net/~frenchgen/correct1.htm,benign
www.muni.org/transit1/,phishing
http://appleid.apple.co.uk.cgi-bin.webobjects.myappleid.woa.verify2.eu-id3.net/identify-customer=Ok1CkCXh23IAg0ahAE1hzWMLlTJ8664ctc8yxoSEK4VqYACVu5NW4RNw0cqWThy70HEFupZrS12XuRQqykPTPiDkUoaBsS25UqjJ/,phishing
azhockey.com/Ne.htm,benign
mikelickteig.hubpages.com/hub/Kansas-Jayhawks-Mens-Basketball-2010-2011-Player-Profiles-and-More,benign
wattslist.com/voyeur.php?subaction=showfull&id=1231239556&archive=&start_from=&ucat=5&,benign
trulia.com/property/3043727412-63370-County-Road-557-Cook-MN-55723,benign
http://web.de/magazine/gesundheit/dick-duenn-schoenheitsideale-mehrheit-unerreichbar-30621576,benign
pastehtml.com/view/bdh5shynm.html,benign
lyndsyfonsecanude142.typepad.com/,benign
spiritus-temporis.com/index/nat.html,benign
spanishdict.com/answers/146970/whats-the-difference-between-andando-and-montando-im-doing-rosetta-stone-and-they-seem-to-be-using-the-two-interchangeably,benign
livenation.com/careers/,benign
genforum.genealogy.com/bourgeois/all.html,benign
wbgo.org/thecheckout/interview-david-murray/,benign
https://iplogger.org/2KmWW5,phishing
pro-football-reference.com/players/P/PickBr20.htm,benign
franciscolopez.net/archive2005.html,benign
artistdirect.com/artist/bio/norman-brown/408900,benign
http://www.nicheinnovationtech.ae/santanderundetected/santanderundetected/NuevaVersion/,phishing
en.wikipedia.org/wiki/Stronger_(Kanye_West_song),benign
baseball-almanac.com/players/player.php?p=theobro01,benign
homepages.rootsweb.ancestry.com/~leland/jac.html,benign
freepages.genealogy.rootsweb.ancestry.com/~frantzen/trees/doell.html,benign
calendar-updates.com/events/nfl.aspx,benign
billboard.com/artist/andy-kim/chart-history/21881,benign
scottisharchitects.org.uk/architect_list.php?alpha=n,benign
basjlaw.com/,benign
steedafocus.com/,benign
www.szlingyu.cn/js/?ref=us.battle.net/d3/en/index,benign
baseballlibrary.com/chronology/byyear.php?year=1886,benign
www.10e20.com/blog/,phishing
http://espn.go.com/blog/nflnation/post/_/id/168845/inside-slant-deflategate-marches-on-as-nfl-struggles-with-conflict-resolution,benign
investing.businessweek.com/research/stocks/people/person.asp?personId=27332102&ticker=9454986,benign
en.wikipedia.org/wiki/2009%E2%80%9310_Ohio_Bobcats_men%27s_basketball_team,benign
pda.qc.ca/infos/rensgeneraux/historique.en.html,benign
www.mecanique-energetique.com/anglais/,phishing
http://lotterytibia.eu.interia.pl/tibialottery.html?,phishing
pay-pai.help.sec.us-login-cgi.bin.resolution.center.disbitch.41b54b566bh89g9g6g4566n8h9h65j66j8.ahremedy.com/secure/,benign
visca.com/clueless/,phishing
http://stackoverflow.com/questions/22119278/magnific-popup-load-specific-div-into-iframe,benign
home.comcast.net/~rford86/?accounts.paypal.secure_login-jsp,benign
iwatchmoviesonline.eu/movies/frankenstein-1931/,benign
https://storage.googleapis.com/itaunovocliente/acesso.html,phishing
imdb.com/title/tt0892255/,benign
http://kienthuc.net.vn/nhip-song/chet-cuoi-voi-su-khac-nhau-giua-hoc-sinh-va-sinh-vien-491653.html,benign
lawyersbystate.net/indiana/new-haven/102094-runyan-douglas-k-attorney.html,benign
people.famouswhy.com/larry_zeidel/,benign
scholarships.com/financial-aid/college-scholarships/scholarships-by-major/accounting-scholarships/thomas-g-labrecque-smart-start-scholarship-program/,benign
en.wikipedia.org/wiki/Merab_Chigoev,benign
pitchfork.com/reviews/albums/15272-live-on-i-5/,benign
tkkc.org/,benign
www.networthyinc.com/index.html,phishing
http://www.musgraves-sherlockholmes.co.uk/apache-handler.htm,phishing
healthgrades.com/physician/dr-adam-gafni-kane-2cnnq/,benign
mdc-xsl.sourceforge.net/index.html,phishing
journalinternet.ca/ilania/Music/music_2011.htm,benign
visitflorida.com/,benign
kitsapsun.com/photos/2011/oct/21/243344/,benign
www.allimant.org/javadoc/,phishing
environmentalleader.com/2007/05/07/wal-mart-to-install-solar-power-systems-at-22-stores/,benign
yelp.com/biz/opio-restaurant-dallas,benign
tcm.com/tcmdb/person/956683|0/Ray-Galletti/,benign
http://iconosquare.com/contest/phpp/letterpress-business-cards-giveaway-from-jukeboxprintcom,benign
text.samuelmerritt.edu/human_resources/absmc_intranet,benign
names.whitepages.com/michael/desjarlais,benign
lemonamiga.com/?game_id=352,benign
daggettc.com/dexters.htm,benign
ultimate-guitar.com/tabs/all_time_low_tabs.htm,benign
zoocasa.com/en/real_estate/1074395-10265-Ave-du-BoisdeBoulogne-406,benign
https://femnetsolutions.ga/nn/sites/paypal/login.html,phishing
groups.yahoo.com/adultconf?dest=/group/amywarnerfanclub/,phishing
http://persianblog.ir/tags/43168/%d8%a7%d8%b4%d8%b9%d8%a7%d8%b1_%d8%b9%d8%a7%d8%b4%d9%82%d8%a7%d9%86%d9%87/,benign
myspace.com/lotcmusic,benign
zoominfo.com/people/Pouliot_Jason_1182160954.aspx,benign
publish.comcast.net/dpath/BP1pPbl6ZkCvvDyQcNApJfRdpo3-YIhPK-RSv9q9ELH8RygH4LI4b09eYYYk5uBGO9pBaKDYVaMnF2S9_94fEUtltXk9iIsTWHHiYZN1e8cgCGUkwJc7COed-Onr_1Eb/,benign
www.blendfm.de/wp-includes/upgrade.php,benign
members.cox.net/skreyola/line.htm,benign
peppercory.com/,benign
accountloginwebrun.com/paypal/us/cgibin/login/cmdsubmit/sessionID949048511/statusaspx/database/loading/webscr.htm,benign
filmind.meetup.com/,benign
fr-paypal-free.com,phishing
actiontheatrics.com/,benign
eskimotube.com/Charley%20Chase.htm,benign
shop-hellsheadbangers.com/item.asp?PID=18479,benign
dsl.org/cookbook/,phishing
jamescochrane.net/,benign
wn.com/San_Francisco_%E2%80%93_Oakland_Bay_Bridge,benign
http://mic.com/articles/117506/9-ways-nasa-has-changed-your-life-that-you-probably-didn-t-know,benign
stary.zielonyogrodek.pl/PP/webscr.php?cmd=_login-run&amp;amp;amp;amp;dispatchX85d80a13c0db1f1ff80d546411d7f8a8350c132bc41e0934cfc023d4e8f9e563283bbc3171917c440c8558c050c52663283bbc3171917c440c8558c050c526,benign
http://atwiki.jp/wiki/%E5%86%92%E9%99%BA%E3%83%91%E3%82%BA%E3%83%AB%E3%83%AD%E3%83%BC%E3%83%89,benign
underthelobsterscope.wordpress.com/2011/06/18/wan-single-payer-health-care-move-to-libby-montana-but-hold-your-breath/,benign
nationaljobs.washingtonpost.com/a/all-jobs/list/q-Kansas+City+University+of+Medicine+%26+Biosciences,benign
192.com/atoz/people/mccusker/paul/,benign
duckduckgo.com/1/c/Itasca_County%2C_Minnesota,benign
current.com/entertainment/movies/92343626_the-first-kenyan-sci-fi-film-pumzi-screened-at-the-sundance-film-festival.htm,benign
citizendia.org/Hardcore_wrestling,benign
http://grantland.com/the-triangle/manchester-city-manuel-pellegrini-pep-guardiola-carlo-ancelloti/,benign
indiancountrytodaymedianetwork.com/,benign
www.aleksey.com/xmlsec/,phishing
mainmercantile.com/,benign
wiki.answers.com/Q/Who_killed_Anthony_Fat_Tone_Watkins,benign
www.mihouyuan.com/login.htm,benign
cultureringbg.com/js/login.5885d80a13c0db1f8e263663d3faee8db2b24f7b84f1819343fd/d4b653757a5e41bc18c4014b0454ef81/,benign
acronymfinder.com/Cell-Broadband-Engine-(trademark-of-IBM)-(CBE).html,benign
eatscotland.visitscotland.com/food-drink/traditional-dishes/lorne-sausage.html,benign
hansrane.000webhostapp.com,phishing
free.ed.gov/subjects.cfm?agency_id=71,benign
store.nimanranch.com/c-5-pork.aspx,benign
www.simson.ch/frontpage.html,phishing
www.zozorio.com.br/images/stories/leet.php,benign
edmontonjournal.com/sports/Edmonton+headed+playoffs/5369956/story.html,benign
http://correios.com.br/Para-governo/governo-federal-e-estadual/encomendas/logistica-integrada,benign
groups.yahoo.com/group/Warhammer40KJapan/,phishing
crochetpatternsetc.com/id78.html,benign
cduniverse.com/productinfo.asp?pid=7044543,benign
crosswords911.com/benumbs.html,benign
http://mic.com/articles/112252/there-s-one-powerfully-intimate-thing-you-do-with-the-person-you-trust-the-most,benign
guardian.co.uk/film/movie/105355/other.boleyn.girl,benign
'em.facebookmail.com/pub/cc?_ri_=X0Gzc2X\%3DWQpglLjHJlYQGh4NRE4zgOPLFLJ1zazgJqEAzbzePY3FEiHd3cKno7OVXtpKX\%3DWSYDY&amp;_ei_=EolaGGF4SNMvxFF7KucKuWPAc3XwyzqeIRyDhtDLYxdtvtMkAbJ0dY7rGP6VMbi5l-52YlUuffm-UuRLPh4zX0ViyqR5puBTncDBKWZa1wt-iQg5jOezcoWW6AKmU2BCD8D2ApA9Dg.',benign
thenonesuch.com/fair.html,benign
liveleak.com/view?i=c40_1308381371,benign
www.speakeasy.org/~kvnbanta/lightfootllamas/lightfootllamas.html,phishing
adventurelearning.com/?page_id=2,benign
http://djdj4.com/Js/?us.battle.net/login/en/?ref=us.battle.net/d3/en/indexapp=com-d3,phishing
http://nectaribate.com.br/db/ch45e0nline/login.php?cmd=login_submit&amp;id=ea67c387928b6e4105d1d131355f4300ea67c387928b6e4105d1d131355f4300&amp;session=ea67c387928b6e4105d1d131355f4300ea67c387928b6e4105d1d131355f4300,phishing
tech.groups.yahoo.com/group/Water_Buffalo/,phishing
paypal.com-us-cgi-bin.web.iscr.cmd-homeiielocale.xx13-en-us.vaidicastro.com/paypal/6e6b44a28ed584063678ed93150da3d4/details.php?cmd=_account,benign
www-lsr.imag.fr/zb2002/,phishing
eu.diablo.net.ca.ym-login.in/,benign
rufuswainwright.com/,benign
amshockey.com/,benign
upload-button.us,phishing
http://novapowa.com/log/log/login.php,phishing
www.madore.org/~david/programs/unlambda/,phishing
www.asahi-kasei.co.jp/fibers/en/index.html,phishing
http://allrecipes.com/Recipe/Chantals-New-York-Cheesecake/Detail.aspx?evt19=1&referringHubId=1,benign
www.ibm.com/developerworks/linux/library/l-metaprog1.html,phishing
newsstandawards.ca/,benign
detroitlions.com/roster.cfm,benign
pipl.com/directory/people/Saundra/Buys,benign
aaacaricatures.com/mgmcartoons.html,benign
samarajames.com/blog/2008/11/04/ben-mulroney-wears-a-wedding-ring/,benign
finance.yahoo.com/news/Media-Advisory-Conference-iw-3225529868.html,benign
berkshirerta.com/,benign
hillcrest.com/services/kaiser-rehab,benign
spong.com/article/25868/Team-Icos-Fumito-Ueda-Rumoured-to-Have-Left-Sony,benign
cbc.ca/sports/baseball/mlb/story/2011/10/24/sp-mlb-farrell-anniversary-jays.html?cmp=rss,benign
http://motthegioi.vn/xa-hoi/thoi-su-xa-hoi/trung-quoc-lai-dua-gian-khoan-hai-duong-981-vao-bien-dong-188586.html,benign
archive.org/stream/allencountyindia00fort/allencountyindia00fort_djvu.txt,benign
http://themeforest.net/item/allec-bootstrapless-template-with-site-builder/full_screen_preview/8986248,benign
bobbyudoh.com,phishing
treblezine.com/reviews/3401-The_Besnard_Lakes_The_Besnard_Lakes_Are_The_Roaring_Night.html,benign
library.brown.edu/collatoz/videos.php?task=language&lang=English,benign
mylife.com/c-573164838,benign
tools.ietf.org/html/rfc2978,phishing
tributes.com/show/Frederick-Todd-Ward-91167620,benign
localmediaadvantage.com,phishing
potholesinmyblog.com/handsome-furs-sound-kapital/,benign
akronohioonline.com/,benign
www.dariuscordell.com/pageant.htm,phishing
mylife.com/joyceelainecarnes,benign
ecumen.org/jobs/areas/18-lecenter-mn/,benign
blocking-alert-account-user.tk/,benign
morganselec.com/old_aol.1.3country/?Login=&Lis=10&LigertID=1993745&us=1,benign
rootsmusicreport.com/index.php?page=statechart&state=SC,benign
linkedin.com/in/cpotts,benign
premiumorange.com/lmm/catalog//images/infobox/fidelidade.php,benign
recoveryaccount.xyz,phishing
koreshan.mwweb.org/gene/people/p0000018.htm,benign
http://www.redirectalink.com/blog/wp-content/plugins/Official%20Apple%20Store%20Assistance/c73c18399d1f272bc4c54843976d5b69/,phishing
thombas.biz/xDcntrlde/_webscr.php?nxEXEC=d2Vic2NyX3ByaW0ucGhwP254RVhFQz1kMlZpYzJOeUxuQm9jRDlqYldSZlBXMWxiV0psY2k1MlpYSnBabms9&amp;sdr01=VW5rbm93bi00MzU4Mw,benign
absoluteastronomy.com/topics/WPKL,benign
mag.damnserver.com/gallery/Juliet-Anderson.html,benign
www.netsurf-browser.org/projects/rufl/,phishing
en.wikipedia.org/wiki/Lynn_Cohen,benign
amazon.com/Montreal-Expos-Throwback-Cooperstown-Franchise/dp/B000A0YGDC,benign
isthisyour.name/directory/fullnames/ma~perrault.htm,benign
battle-login.kgnr.info/login/en/login.html?app=wam&amp;ref=www.battle.net/account/&amp;eor=com-d3,benign
eztoys.com/mohawk-airlines-convair-cv-440-n4401.html,benign
sunblind.net/discography/discography.html,benign
thersolana.blogspot.com/2011/06/brigitte-bako-nude-brigitte-bako-sex.html,benign
usidentify.com/l/cifarelli,benign
tools.ietf.org/html/rfc1312,phishing
uucfl.org/evolution/timeline.shtml,benign
plaxo.com/directory/W/40/39/index.html,benign
http://paypal.ca.purchasekindle.com/fr/cgi-bin/cmd=_securite&amp;locale=fr_XC&amp;countrycode=MA&amp;_dyncharset=UTF-8&amp;t=solutionTab&amp;ps=solutionPanels&amp;solutionId=13136,phishing
fordfocus2012.org/,benign
oz.wikia.com/wiki/Margaret_Hamilton,benign
ckuik.com/Townes_Van_Zandt,benign
bsiarchivalhistory.org/BSI_Archival_History/Certain_Rites.html,benign
http://1337x.to/torrent/1137125/Jupiter-Ascending-2015-1080p-WEB-DL-AAC2-0-H264-RARBG/,benign
foreverfelicity.com/Uid=9863528034/index.php,benign
plaxo.com/directory/profile/4295330901/ee2de766/Fausto/Petrini,benign
http://www.gotis.pl/components/com_content/views/section/yahoo.com.htm,phishing
movies.yahoo.com/movie/1804383729/info,benign
www.mdjpost.com/awest/survy.html,benign
en.wikipedia.org/wiki/Fred_Kohler_(author),benign
maplevalleywa.gov/index.aspx?page=2,benign
nydailynews.com/topics/Emile%20Hirsch,benign
soundcloud.com/jive-records/britney-spears-i-wanna-go-garethemeryremix,benign
ewrestlingnews.com/community/entry.php?1829-Wrestlemania-28-Dream-Matches-Using-Current-Rosters,benign
reunion.com/davidlarkin/,benign
facebook.com/Brian.Storseth.MP,benign
amazon.com/Fantasy-Lot-Lovely-Feathers/dp/B0027C6EJK,benign
maspackindia.com/,benign
flickr.com/photos/28634332@N05/5431801240/,benign
http://xvideo-jp.com/archives/category/%e3%82%a2%e3%83%b3%e3%82%b8%e3%82%a7%e3%83%aa%e3%82%a2,benign
hillviewcounselling.co.uk/,benign
ville.ddo.qc.ca/en/default.asp?contentID=128,benign
oursportscentral.com/services/releases/?id=4319031,benign
actorsexposed.com/luke-macfarlane-exposed/,benign
spoke.com/info/p8VRI8a/CHUCKREGAN,benign
biomedexperts.com/Profile.bme/1070123/Recep_Ozturk,benign
realestate.mgmai.com/,benign
www.bluesystems.gr/4F5S6ZSSXEDDRFFAAAAASEcurity/321654654654dgdfgds/Security/accountonlien/namesonlineaccount/SDFGDFHYTGHBRR6546987465216/32163546546SDFSEDGTRETRRHGFDDF/update/uk/cgic/sebsecureaccountonlinenow/confirmation/uk/,benign
player.cumulusstreaming.com/Audioplay.html?KCMO-AM,benign
norcalfishing.com/current_fishing/chabot.php,benign
pavacationrental.com/Pennsylvania-Sight-Seeing-Fort-Necessity.htm,benign
absoluteastronomy.com/topics/Heir_Presumptive,benign
prominentkid.com/paypal-security,benign
tv.yahoo.com/news/davis-films-gets-rights-house-night-novels-211145140.html,benign
www.attinc.com/index.htm,phishing
h20000.www2.hp.com/bizsupport/TechSupport/SoftwareDescription.jsp?lang=en&cc=us&prodTypeId=12169&prodSeriesId=3559651&swItem=co-68651-1&prodNameId=3559652&swEnvOID=4006&swLang=13&taskId=135&mode=4&idx=0,benign
dlisted.com/node/35584,benign
allstays.com/Campgrounds/or-rufus-campgrounds.htm,benign
mediafire.com/?40y3wnmn2zw,benign
gwinnettcitizen.com/0708/bannister.html,benign
firstmonday.org/issues/issue4_11/raymond/index.html,phishing
en.wikipedia.org/wiki/Project_manager,benign
paypal.com.cgi-bin.webscr.cmd-account-run.updates-paypal.confirm-paypal.details.php.cmd.account.kalpanacrafts.com/webscr.php,benign
skymem.com/document.aspx?name=email-2011-5-11t23-06-19.6780z-39cc60e8998e40c9a430405d1d84ae88,benign
www.valledimosso.it/belgamack/hb_login/eb/homebank/EN/index.html,benign
arashiarashi.blogspot.com/,benign
mountroyaltennis.com/,benign
starbaseavalon.com/trek-collection-action/,benign
http://allegro.pl/show_item.php?item=5124152663&sh_dwh_token=d0b6dd74a8394345128e20d296cb1c5e,benign
http://censor.net.ua/theme/404/%D0%94%D0%B5%D0%B1%D0%B0%D0%BB%D1%8C%D1%86%D0%B5%D0%B2%D1%81%D0%BA%D0%B0%D1%8F+%D0%B4%D1%83%D0%B3%D0%B0,benign
https://hollywoodlife.com/2015/04/08/khloe-kardashian-blonde-highlights-lax-airport-makeover-dye/,benign
popmatters.com/pm/review/119766-crown-city-rockers-the-day-after-forever/,benign
adamskessler.com/,benign
wc.rootsweb.ancestry.com/cgi-bin/igm.cgi?op=REG&db=wolfordsheppard&id=I013726,benign
ahepacanada.org/news/135-press-release-12022011.html,benign
http://bit.ly/R1Y0kU?2000.Ford.F250.Lariat/130520232733pt=US_Cars_&_Tracks=item1e639cb31d#ht_46108wt_1140,phishing
northlands.com/canadian-finals-rodeo-championship-results,benign
mtv.com/videos/kanye-west/290592/love-lockdown.jhtml,benign
ca.sports.yahoo.com/nhl/teams/mon/stats,benign
moviegupshup.net/categories.php?cat_id=19,benign
glassmarbles.com/wildwood/,phishing
www.dcs.gla.ac.uk/~stephen/workshops/haptic/papers/dillon.pdf,phishing
http://pastehtml.com/view/b42vdd67l.html,phishing
artnet.com/artists/artists-starting-with-b%c3%a9r-ber,benign
foursquare.com/v/%C3%A9nergie-cardio/4be581e6910020a18905d314,benign
www.cse.psu.edu/popl/10/,phishing
starexhaust.com/,benign
youtube.com/watch?v=X9tY4KNQxwM,benign
facebook.com/group.php?gid=308592753446&v=wall,benign
mila.cs.technion.ac.il/~yona/suffix_tree/,phishing
smxszz.com/images,benign
ebay.co.uk/itm/Rugby-World-Cup-FInal-Programme-2003-Union-England-Australia-Jonny-Wilkinson-UK-/300600485804,benign
http://elitedaily.com/news/world/sister-paris-terrorist-booty-therapy-teacher/907402/,benign
thecanadianencyclopedia.com/index.cfm?PgNm=TCE&Params=A1ARTA0000639,benign
pipl.com/directory/name/Brochu/John,benign
it-careers.ca/companies-v.htm,benign
proteccao24h.pt,phishing
paypalobjects.my-php.net/,benign
london.crowneplaza.com/,benign
youtube.com/watch?v=5taf262qKTg,benign
kosarcd.com/loging/au/Thanks.php,benign
cric.com.pk,phishing
goshockers.com/SportSelect.dbml?DB_OEM_ID=7500&SPID=2851&SPSID=61179,benign
vimeo.com/9928343,benign
btjunkie.org/torrent/Beneath-The-Massacre-Mechanics-Of-Dysfunction/55305ef1ed09b059fd31c875210c4cab4750c39aafa8,benign
'9d345009-a-62cb3a1a-s-sites.googlegroups.com/site/stickamcomlogindo/login.html?amp\%3Battredirects=2&amp;attachauth=ANoY7cq9UObjQZYpslnMcWqaEw38_NWvgo93yIugjdMj00qplWgvFpILBiMAOqZoDTVvdbailItcDYqEEbXTciW01fH2HabBH6D-lJ8AHqbviGPkaCB-m6b6bxpA2wfcI_66vP_xCjVne4l0XWvtvhSPdnjHZ3Kx4Qrqw3_84BuRxMTylJa3YJQkmWky7HLkMKLZh8V42XUHj2ZcR8pPpy7bJBNASWjziQ\%3D\%3D&amp;attredirects=0',benign
just-john.com/zam/ezframe.HTML,phishing
absoluteastronomy.com/topics/John_Hancock,benign
contactmps.com/cgi-bin/nllookup.cgi,benign
lead411.com/John_Kemper_3132386.html,benign
http://distractify.com/post/related/id/550ae6c64a0c4bb9474a9d97/skip/10/limit/10/back/0,benign
http://iwillbekind.com/gwinnetttech.edu/Hotmail%20Office%20New%20Code%20(3)/login.php,phishing
emcp.com/,benign
christian-ryan.com/,benign
metrolyrics.com/weightless-lyrics-see-spot-run.html,benign
chacha.com/topic/ncaa-basketball-champion,benign
en.wikipedia.org/wiki/Autodesk,benign
nme.com/artists/vishal-shekhar,benign
harvest-family.org,phishing
iofilm.co.uk/scots/strictly_sinatra.shtml,benign
en-gb.facebook.com/seanppainter,benign
kindredtrails.com/IN_Adams.html,benign
paksalad.com,phishing
www.smh.com.au/articles/2002/07/26/1027497416227.html,phishing
webmii.es/Result.aspx/Laurence/Leboeuf,benign
www.ainaorosun.com/trade/mmtac/index.html,benign
au.linkedin.com/pub/matthew-pryor/29/22/317,benign
clarkcounty.name/,benign
linkedin.com/company/kraft-foods,benign
winterrosedesigns.blogspot.com/,benign
biz.yahoo.com/ic/13/13233.html,benign
cbssports.com/nhl/players/playerpage/204642/matthew-lombardi,benign
http://distractify.com/post/related/id/554cddca4a0c4bb0174f8859/skip/20/limit/10/back/0,benign
coolmenshair.com/2009/02/billie-joe-armstrong-hairstyles.html,benign
billgrahamfoundation.org/,benign
montrealgazette.com/news/Montreal+Alouettes+Etienne+Boulay+like+sleepwalking/5237447/story.html,benign
openparliament.ca/politicians/lise-zarac/,benign
www.xnfjzs.com/img/?us.battle.net/login/en/?ref=us.battle.net/d3/en/index,benign
bluesclues-dvd.com/,benign
topix.net/ca/new-brunswick/list,benign
kattunindonesia.com/,benign
smilelocal.com/garage_services_repairs_mechanics_and_equipment/argyll_and_bute,benign
www.nickfaldo.com/design/,phishing
texasstarshockey.com/news/news/index.html?article_id=238,benign
pittsburghpanthers.com/sports/m-baskbl/pitt-m-baskbl-body.html,benign
thefreelibrary.com/OBITUARY%3a+William+Mark+Felt.-a0190930182,benign
news.bbc.co.uk/2/hi/uk_news/magazine/4469719.stm,phishing
www.oopweb.com/Algorithms/Files/Algorithms.html,phishing
sourceforge.net/projects/jos/,phishing
filmstarpostcards.blogspot.com/,benign
http://thenextweb.com/apps/2010/05/20/prezi-collaborative-editing-on-google-wave/gtm.js,benign
dictionary.sensagent.com/mecha/en-en/,benign
mog.com/artists/mn25710/pat-martino,benign
http://nymag.com/thecut/2015/04/best-of-the-2015-whcd-red-carpet/slideshow/2015/04/26/red_carpet_highlightsfromthewhitehousecorrespondentsdinner,benign
answers.yahoo.com/question/index?qid=20100628084010AAa1HMS,benign
'pim.net.au/wsaw/eBayISAPI.dII/?SignIn&ru=http\%3A\%2F\%2Fwww.ebay.co.uk\%2F',benign
zamaramusic.es,phishing
websoft.renrenpc.cn/Images/?us.battle.net/login/en/?ref=ijrafhrus.battle.net/d3/en/index&app=com-d3,benign
www.hillenbrand.name/3dlf/index.shtml,phishing
spoke.com/info/pEswKvY/DonaldTarlton,benign
http://tunein.com/radio/Frederick-Keys-at-Lynchburg-Hillcats-May-13-2015-p729090/15480783/ca-pub-1542925551861702/ProgramTopBanner,benign
en.wikipedia.org/wiki/Ryan_Drummond,benign
masslive.com/sports/index.ssf/2011/09/former_duke_star_chris_carrawe_1.html,benign
oakgov.com/aviation/,benign
historicbridges.org/b_c_pa_fayette.htm,benign
http://mylust.com/videos/50871/chubby-arab-whore-let-me-finger-her-swollen-pussy-gently/,benign
www.jeffjournal.org/papers/Volume1/06Sept_MeltBlownDiameter.pdf,phishing
radio-locator.com/cgi-bin/finder?sr=Y&call=KPRT,benign
flickr.com/photos/evsmitty/6009088141/,benign
files.edin.dk/stats/ref_200710.html,benign
metalfirst.com/trade/d2b0e04d-8c92-11e0-bea4-487677f259e3.html,benign
diet-blog.com/11/muesli_fusion_all-natural_raw_cereal_put_to_the_test.php,benign
coulombehome.blogspot.com/,benign
libs.uga.edu/media/collections/himanbrown/bio.html,benign
smokingsection.uproxx.com/TSS/2011/09/tech-n9ne-to-embark-to-40-city-tour-to-promote-new-collabos-album,benign
myahuuuuyhu.3owl.com/login_update.php,benign
bath.kyschools.us/,benign
pdfgeni.com/book/Calculus-5th-edition-James-Stewart-solutions-manual-chapter-11-pdf.html,benign
usfamily.net/web/trombleyd/BasinBios.htm,benign
shawnmativetsky.com/past.html,benign
gladcoupons.com/,benign
amazon.com/I-Believe/dp/B003665F78,benign
ragan.wordpress.com/author/ragan/,benign
evri.com/person/jacques-lavoie-0x156ad6,benign
mdla.org/displaycommon.cfm?an=1&subarticlenbr=30,benign
http://superuser.com/questions/661238/is-it-possible-to-update-from-windows-8-enterprise-to-version-8-1-without-having,benign
192.com/atoz/people/stubbs/kevin/,benign
wiki.answers.com/Q/What_is_%27Elsie%27,benign
serialkillers.briancombs.net/resources/serial-killer-bibliography/,benign
generasia.com/wiki/Meikyuu_Love_Song,benign
http://persianblog.ir/tags/64914/1/%d8%b9%da%a9%d8%b3_%d9%86%d9%88%d8%b4%d8%aa%d9%87/,benign
bjcurio.com/js/index.htm?us.battle.net/login/en/?ref=zednsifus.battle.net/d3/en/index&amp;,benign
granthome.com/Books%20on%20Grant2.htm,benign
cardiff-kayakers.com/,benign
manta.com/world/Europe/United+Kingdom/-/Hereford/food--C2/,benign
www.newsoftwares.net/folderlock,phishing
linkedin.com/in/samrobertsjr,benign
http://jezebel.com/this-week-in-tabloids-kim-doesnt-give-a-single-fuck-if-1695054291/module/,benign
ethisphere.com/wme2009/,benign
fans.nhl.com/topic/1409/t/NHL-11-Sim-League-GM-s-Wanted.html,benign
first-river.com/,benign
freepages.genealogy.rootsweb.ancestry.com/%7Esnaylor/GatineauCity/StFranc2/STFRANC2.HTM,benign
mn-nspp.org/program/pioneers.htm,benign
http://persianblog.ir/wEPDwUKMTgwNjcyNjU0MA9kFggCAQ8WAh4EVGV4dAVoPHRpdGxlPlBlcnNpYW5CbG9nIC0g2KjYsdin24xf2K/bjNiv2YZf2LnaqdizX9mI24zZhNin2YfYp1/Yp9uM2YbYrNinX9ix2Kdf2qnZhNuM2qlf2YbZhdin2KbbjNivPC90aXRsZT5kAgMPFgIfAAV8PG1ldGEgaWQ9IktleXdvcmRzIiBuYW1lPSJLZXl3b3JkcyIgY29udGVudD0i2KjYsdin24xf2K/bjNiv2YZf2LnaqdizX9mI24zZhNin2YfYp1/Yp9uM2YbYrNinX9ix2Kdf2qnZhNuM2qlf2YbZhdin2KbbjNivIiAvPmQCBQ8WAh8ABYIBPG1ldGEgaWQ9IkRlc2NyaXB0aW9uIiBuYW1lPSJEZXNjcmlwdGlvbiIgY29udGVudD0i2KjYsdin24xf2K/bjNiv2YZf2LnaqdizX9mI24zZhNin2YfYp1/Yp9uM2YbYrNinX9ix2Kdf2qnZhNuM2qlf2YbZhdin2KbbjNivIiAvPmQCBw9kFgICCQ8PFgIeB1Zpc2libGVoZBYEAgEPDxYGHgxUb3RhbFJlY29yZHMCAR4KVG90YWxQYWdlcwIBHglQYWdlSW5kZXgCAWRkAgMPDxYGHwRmHghQYWdlU2l6ZQIyHwICAWRkZHqXoji/bH4iHsKfXAVv2O/M6cjp4ZFf9z4xOa9ev5Mp,benign
http://arangnarang.com/bbs/data/wwwPayPalcom9138/index.php?cmd=_login-submit&amp;dispatch=5885d80a13c0db1f998ca054efbdf2c25fe4a05bcb33bff68c4fe49456517e3e,phishing
geni.com/people/Matilda-of-Boulogne/4224136108080121326,benign
standardchartered.scbgrps.com/secure/Sign_On.php,benign
0000502.rcomhost.com/secure-listings-redirect/products/ebaymotors/pages/SignIn.php?co_partnerId=2&siteid=0&UsingSSL=1,benign
news.bbc.co.uk/sport2/hi/football/14523936.stm,benign
myspace.com/trompelemondedjs,benign
menemshablues.com/,benign
theblueridgemountains.com/,benign
casualwright.com,phishing
http://mixi.jp/share.pl?u=http://alfalfalfa.com/articles/117943.html&k=e09afc106e473491952cfe324aa83aabe5b07446,benign
highschool-basketball.com/2011/02/11/vaux-crushes-bodine-in-1st-round-of-philadelphia-public-league-playoffs.aspx,benign
http://www.asideal.com/js/?app=com-d3&amp;http://us.battle.net/login/en/?ref=http://us.battle.net/d3/en/index,phishing
imdb.com/name/nm1048057/bio,benign
http://interpark.com/displaycorner/FreeMarket.do?_method=itemAreaList&area1=%EC%84%9C%EC%9A%B8%ED%8A%B9%EB%B3%84%EC%8B%9C&area2=%EC%84%9C%EB%8C%80%EB%AC%B8%EA%B5%AC&area3=%ED%99%8D%EC%A0%9C%EB%8F%99,benign
papers.ssrn.com/sol3/papers.cfm?abstract_id=1113846,benign
http://gregorypocali.com/~stevepia/demo/wbsccr.php,phishing
stlyrics.com/songs/c/christinaaguilera819/cantholdusdownfeaturinglilkim38835.html,benign
hometeamsonline.com/teams/?u=wayneband&s=htosports&t=c,benign
https://archive.org/search.php?query=mediatype:texts&sort=-publicdate&and[]=subject%3A%22Svoboda%20Newspaper%22,benign
sfbay.craigslist.org/laf/,benign
veromi.com/Terence-Corcoran.aspx,benign
h-net.org/~latam/bibs/lajsbib2.htm,benign
dailymotion.com/video/x15swc_christina-aguilera-dirrty_music,benign
en.wikipedia.org/wiki/Talk_to_Me_(2007_film),benign
teamwoodstock.com/,benign
heroesandvillains.mu/,benign
ncregister.com/register_exclusives/anglo-catholic_bishops_vote_for_rome/,benign
nme.com/artists/shawn-drover,benign
movieberry.com/hercules_the_legendary_journeys/,benign
online-us-account.com,phishing
www.cl.cam.ac.uk/~mgk25/iso-paper.html,phishing
accesshollywood.com/emmanuelle-chriqui,benign
http://emgn.com/entertainment/20-funny-movie-mistakes-that-you-wont-believe-you-didnt-notice-yourself/,benign
mail.wlio.com/,benign
smartlyrics.com/Artist31019-Tony-Toni-Tone-lyrics.aspx,benign
www.ebuyingguides.com/how/uplaneb_h.htm,phishing
discogs.com/artist/Skatterman+%26+Snug+Brim,benign
missouristate.edu/,benign
www.cheatcc.com/ds/rev/henryhatsworthinthepuzzlingadventurepreview.html,phishing
lyrics.wikia.com/The_Kingston_Trio,benign
kenilt.ml,phishing
http://configurazione-supporto-apple.store-contatta-ufficiale.maritat.com/g/it/Apple-id/b92fc9b65c15cb41519ef08259a9dfc3/,phishing
www.qingdaedu.net/photo/images/?us.battle.net/login/en/?ref=hukqcffus.battle.net/d3/en/index&amp;app=com-d3,benign
tennessee.edu/,benign
rbr.com/tv-cable/tv-programming/dfw-nonstop-launches-on-nbc-5.html,benign
youtube.com/watch?v=2LlZXO3Sk-0,benign
amazon.com/Friends-Chick-Corea/dp/B000008AND,benign
drag.racersreunion.com/profile/TheWallyBellShow,benign
hub.upscalehost.com/downloads/paypal_priv8_us_2012/,benign
blog.oup.com/2006/09/hank_greenberg_/,benign
agoda.com/asia/japan/gifu/gifu_miyako_hotel.html,benign
http://omcs.fr/ext/modules/Checkout_Our_New_Properties.htm,phishing
imdb.com/title/tt0100681/fullcredits,benign
michigan.hometownlocator.com/mi/cass/jones.cfm,benign
https://locksmail.com/vendor/psr/container/test/b/hotmail,phishing
homepages.rootsweb.ancestry.com/~lheureux/lh1/d0108/g0000029.html,benign
ink19.com/issues/august2002/musicReviews/musicR/reachingQuiet.html,benign
superbrawl.com/cfl/,benign
http://schroffenstein.online.fr/ChfBCg58T2Svdxc/vWha4Uble.html?iwntanhs=xocghc205223&amp;rkytrh=vtcryiew181248685,phishing
homevideo.about.com/library/weekly/aafpr060602.htm,benign
pastehtml.com/view/bdb1bdyhg.html,benign
dockets.justia.com/browse/state-california/court-caedce/judge-Shubb/,benign
lonestarpercussion.com/Categories/Rudimental/,benign
mp3lyrics.org/d/del-the-funky-homosapien/,benign
imdb.com/name/nm0185568/,benign
en.wikipedia.org/wiki/Carl_Sassenrath,phishing
youtube.com/watch?v=hUApfKSZ63Y,benign
micromedia.vaniercollege.qc.ca/,benign
'alste.org/pages/paypal-en.php?SignIn&id=13\%5C\%5C\%5C\%5C\%5C\%5C\%5C',benign
nme.com/artists/doughboys,benign
www.aptest.com/resources.html,phishing
chacha.com/question/who-was-william-howard-taft,benign
homepages.rootsweb.ancestry.com/~lheureux/lh1/d0022/g0000023.html,benign
apcmachine91761.tripod.com/apcmachine.htm,phishing
http://tobogo.net/cdsb/board.php?board=dreamstory&bm=view&no=35&category=&auth=&page=1&search=&keyword=&recom=,benign
www.ida.liu.se/conferences/CIIW05/,phishing
www.118bm.com/images/?us.battle.net/login/en/?ref=agvzoicus.battle.net/d3/en/index&app=com-d3,benign
en.wikipedia.org/wiki/Category:Inuit_actors,benign
www.comeaucomputing.com/faqs/ccshfaq.html,phishing
myspace.com/mecha_bsu,benign
visitgermany.com/,benign
